block_start,v,class_model,B0_cost_t,B0_tonnes,B0_class,B0_coa_share,B0_tc_share,B0_spot_share,B0_n_spot_fixtures,B0_dem_t,B0_n_cargo,B1_cost_t,B1_tonnes,B1_class,B1_coa_share,B1_tc_share,B1_spot_share,B1_n_spot_fixtures,B1_dem_t,B1_n_cargo,B2_cost_t,B2_tonnes,B2_class,B2_coa_share,B2_tc_share,B2_spot_share,B2_n_spot_fixtures,B2_dem_t,B2_n_cargo,B3_cost_t,B3_tonnes,B3_class,B3_coa_share,B3_tc_share,B3_spot_share,B3_n_spot_fixtures,B3_dem_t,B3_n_cargo,FS_cost_t,FS_tonnes,FS_class,FS_coa_share,FS_tc_share,FS_spot_share,FS_n_spot_fixtures,FS_dem_t,FS_n_cargo,ORC_cost_t,ORC_tonnes
2021-01-01,0.9469092778550083,Capesize,16.378620973007372,852218.3500695075,Panamax,0,0,1.0,11,0.0,11,14.804604361550687,852218.3500695075,Capesize,0,0,1.0,7,0.0,7,14.719507874775497,852218.3500695075,Capesize,0,0,1.0,7,0.0,7,17.024752727637253,852218.3500695075,Panamax,0.7,0,0.33467755070780264,4,0.0,11,14.656444076009056,852218.3500695075,Capesize,0.504,0.327,0.17563380330557266,2,0.0,7,13.518458925026646,852218.3500695075
2021-04-02,0.9237278171040041,Capesize,15.632371676513383,831355.0353936037,Panamax,0,0,1.0,11,0.056037166818721756,11,14.04062971661169,831355.0353936037,Capesize,0,0,1.0,7,0.08096716172219169,7,13.549513151379394,831355.0353936037,Capesize,0,0,1.0,7,0.08096716172219169,7,16.08184861581435,831355.0353936037,Panamax,0.7,0,0.31798091566071435,4,0.056037166818721756,11,13.549513151379394,831355.0353936037,Capesize,0.0,0.0,1.0,7,0.08096716172219169,7,13.116798662177992,831355.0353936037
2021-07-02,1.0433319614384589,Capesize,20.446647384051023,938998.765294613,Panamax,0,0,1.0,12,0.22360837437283354,12,21.473094648467857,938998.765294613,Capesize,0,0,1.0,7,0.401430296286384,7,21.390390428391598,938998.765294613,Capesize,0,0,1.0,7,0.401430296286384,7,16.87663410453893,938998.765294613,Panamax,0.7,0,0.26197986023701564,4,0.22360837437283354,12,14.468797433164921,938998.765294613,Capesize,0.835,0.015,0.10527038900162872,1,0.401430296286384,7,12.946165298000556,938998.765294613
2021-10-01,1.180552630585572,Capesize,18.982777316653202,1062497.3675270148,Panamax,0,0,1.0,14,0.11501519932381596,14,17.483342940459565,1062497.3675270148,Capesize,0,0,1.0,8,0.13268548910435102,8,16.57146838379953,1062497.3675270148,Capesize,0,0,1.0,8,0.13268548910435102,8,19.111291152367045,1062497.3675270148,Panamax,0.7,0,0.46635161899769734,7,0.11501519932381596,14,16.57146838379953,1062497.3675270148,Capesize,0.0,0.0,1.0,8,0.13268548910435102,8,16.289236597123814,1062497.3675270148
2021-12-31,1.0008776288608838,Capesize,18.021904063738432,900789.8659747954,Panamax,0,0,1.0,12,0.0,12,16.47739543274748,900789.8659747954,Capesize,0,0,1.0,7,0.020695470940861955,7,16.42437262137508,900789.8659747954,Capesize,0,0,1.0,7,0.020695470940861955,7,18.2490256916455,900789.8659747954,Panamax,0.7,0,0.37055242136142663,5,0.0,12,15.358451774152144,900789.8659747954,Capesize,0.519,0.331,0.09889083940614393,1,0.020695470940861955,7,14.358726287810612,900789.8659747954
2022-04-01,1.0089485808582335,Capesize,20.392590238250556,908053.7227724101,Panamax,0,0,1.0,12,0.012843767250323075,12,17.146913544442185,908053.7227724101,Capesize,0,0,1.0,7,0.01166044672597845,7,16.454610604419486,908053.7227724101,Capesize,0,0,1.0,7,0.01166044672597845,7,18.721701097733757,908053.7227724101,Panamax,0.7,0,0.23682929476443548,3,0.012843767250323075,12,16.632752231270786,908053.7227724101,Capesize,0.514,0.336,0.20570778808340068,2,0.01166044672597845,7,15.987651452123878,908053.7227724101
2022-07-01,1.1141433238433898,Capesize,20.31878657965482,1002728.9914590508,Panamax,0,0,1.0,13,0.17706788826172737,13,17.862703949981295,1002728.9914590508,Capesize,0,0,1.0,8,0.20001153503777785,8,17.868157283409225,1002728.9914590508,Capesize,0,0,1.0,8,0.20001153503777785,8,19.26142329842287,1002728.9914590508,Panamax,0.7,0,0.30888604408292847,4,0.17706788826172737,13,16.486882647283224,1002728.9914590508,Capesize,0.85,0.0,0.16079019638641312,2,0.20001153503777785,8,15.814062204478015,1002728.9914590508
2022-09-30,1.0191375719528721,Capesize,18.69773572892039,917223.814757585,Panamax,0,0,1.0,12,0.10300333429648083,12,17.516206975344687,917223.814757585,Capesize,0,0,1.0,7,0.17143142077680104,7,17.063522651511153,917223.814757585,Capesize,0,0,1.0,7,0.17143142077680104,7,20.45870948157713,917223.814757585,Panamax,0.7,0,0.38183026773039724,5,0.10300333429648083,12,17.812698845075808,917223.814757585,Capesize,0.5469999999999999,0.303,0.21963430464442055,2,0.17143142077680104,7,14.670378193606789,917223.814757585
2022-12-30,0.9956237144373524,Capesize,19.72739458745654,896061.3429936172,Panamax,0,0,1.0,12,0.009444331344481574,12,17.31573625740096,896061.3429936172,Capesize,0,0,1.0,7,0.04262094193291211,7,16.829942144663615,896061.3429936172,Capesize,0,0,1.0,7,0.04262094193291211,7,18.928765834713804,896061.3429936172,Panamax,0.7,0,0.22661544835224925,3,0.009444331344481574,12,16.178566317048315,896061.3429936172,Capesize,0.529,0.321,0.0931312835288906,1,0.04262094193291211,7,14.488955723563139,896061.3429936172
2023-03-31,0.9263076433492221,Capesize,20.939242984161076,833676.8790143,Panamax,0,0,1.0,11,0.07048513401690172,11,19.963626748542374,833676.8790143,Capesize,0,0,1.0,7,0.07558671458185873,7,19.235266513496107,833676.8790143,Capesize,0,0,1.0,7,0.07558671458185873,7,19.17466790380936,833676.8790143,Panamax,0.7,0,0.16874268983041676,2,0.07048513401690172,11,16.687023461580583,833676.8790143,Capesize,0.536,0.314,0.024514148741252528,1,0.07558671458185873,7,16.22972892865181,833676.8790143
2023-06-30,0.9616020119508099,Capesize,19.00220932823942,865441.8107557289,Panamax,0,0,1.0,11,0.11201241007844481,11,16.281009373306322,865441.8107557289,Capesize,0,0,1.0,7,0.1751808569750953,7,16.255458344274814,865441.8107557289,Capesize,0,0,1.0,7,0.1751808569750953,7,19.63728203891859,865441.8107557289,Panamax,0.7,0,0.34484330089751597,4,0.11201241007844481,11,18.6863106644307,865441.8107557289,Capesize,0.518,0.332,0.16992686154983686,2,0.1751808569750953,7,15.663954962445484,865441.8107557289
2023-09-29,1.0903493294802036,Capesize,16.75049896673472,981314.3965321832,Panamax,0,0,1.0,13,0.08152173997722258,13,15.437967386464978,981314.3965321832,Capesize,0,0,1.0,8,0.06385979920984702,8,15.49289338235999,981314.3965321832,Capesize,0,0,1.0,8,0.06385979920984702,8,18.412019746677714,981314.3965321832,Panamax,0.7,0,0.42220352416749174,6,0.08152173997722258,13,15.971542522702649,981314.3965321832,Capesize,0.7,0.15,0.2846329346835612,3,0.06385979920984702,8,14.31814182347995,981314.3965321832
2023-12-29,1.0588689716545172,Capesize,15.52689896718696,952982.0744890654,Panamax,0,0,1.0,12,0.0,12,12.928649672896393,952982.0744890654,Capesize,0,0,1.0,7,0.0,7,12.957517508289621,952982.0744890654,Capesize,0,0,1.0,7,0.0,7,16.93010579966811,952982.0744890654,Panamax,0.7,0,0.4050255349199585,5,0.0,12,14.45254345416476,952982.0744890654,Capesize,0.527,0.322,0.24797116421708398,2,0.0,7,12.569214055174173,952982.0744890654
2024-03-29,1.1153994125573343,Capesize,15.86090779563138,1003859.4713016009,Panamax,0,0,1.0,13,0.0,13,12.462173477437,1003859.4713016009,Capesize,0,0,1.0,8,0.0,8,12.566351403272705,1003859.4713016009,Capesize,0,0,1.0,8,0.0,8,16.133375426390195,1003859.4713016009,Panamax,0.7,0,0.43517990693973363,6,0.0,13,13.310432641394186,1003859.4713016009,Capesize,0.85,0.0,0.31414702985539084,3,0.0,8,11.825303145488796,1003859.4713016009
2024-06-28,0.9920994503998427,Capesize,15.30735449415914,892889.5053598584,Panamax,0,0,1.0,12,0.07823696275810399,12,12.768238124710813,892889.5053598584,Capesize,0,0,1.0,7,0.10794045727192846,7,12.684523988113455,892889.5053598584,Capesize,0,0,1.0,7,0.10794045727192846,7,16.011983794101134,892889.5053598584,Panamax,0.7,0,0.36498301682750345,5,0.07823696275810399,12,13.2812808589738,892889.5053598584,Capesize,0.85,0.0,0.22890794900482558,2,0.10794045727192846,7,11.749950352188765,892889.5053598584
2024-09-27,1.0021109020336587,Capesize,16.34536610834084,901899.8118302928,Panamax,0,0,1.0,12,0.0,12,13.655889676163705,901899.8118302928,Capesize,0,0,1.0,7,0.0023653402087397105,7,13.397236979437405,901899.8118302928,Capesize,0,0,1.0,7,0.0023653402087397105,7,16.48692137167751,901899.8118302928,Panamax,0.7,0,0.37132706697283324,5,0.0,12,13.570868535855896,901899.8118302928,Capesize,0.85,0.0,0.20667463213238488,2,0.0023653402087397105,7,12.957293266272952,901899.8118302928
2024-12-27,1.1006458025194914,Capesize,15.622690186331855,990581.2222675423,Panamax,0,0,1.0,13,0.0,13,14.303999847964587,990581.2222675423,Capesize,0,0,1.0,8,0.008865026520170472,8,14.237798635214066,990581.2222675423,Capesize,0,0,1.0,8,0.008865026520170472,8,15.697977356751355,990581.2222675423,Panamax,0.7,0,0.42760877426882904,6,0.0,13,13.336058466858447,990581.2222675423,Capesize,0.718,0.132,0.1624916954301692,2,0.008865026520170472,8,12.864227499851195,990581.2222675423
2025-03-28,1.0836850833760956,Capesize,14.569770516689983,975316.575038486,Panamax,0,0,1.0,13,0.005383002132630728,13,12.941728361042525,975316.575038486,Capesize,0,0,1.0,8,0.003776325762011092,8,12.903583829855727,975316.575038486,Capesize,0,0,1.0,8,0.003776325762011092,8,15.635420121123655,975316.575038486,Panamax,0.7,0,0.41865029826072,6,0.005383002132630728,13,14.458274006216936,975316.575038486,Capesize,0.5519999999999999,0.298,0.26657659850415905,2,0.003776325762011092,8,12.409943463299594,975316.575038486
2025-06-27,0.9807733004189306,Capesize,16.56295674122126,882695.9703770375,Panamax,0,0,1.0,12,0.10401277206902321,12,13.373378819767595,882695.9703770375,Capesize,0,0,1.0,7,0.1231324973815352,7,13.150173079559305,882695.9703770375,Capesize,0,0,1.0,7,0.1231324973815352,7,15.14726541840022,882695.9703770375,Panamax,0.7,0,0.21490521849330546,3,0.10401277206902321,12,13.014615375416133,882695.9703770375,Capesize,0.85,0.0,0.11804287532040163,1,0.1231324973815352,7,12.718307202926175,882695.9703770375
2025-09-26,1.0063033423492522,Capesize,16.95151145492824,905673.008114327,Panamax,0,0,1.0,12,0.0,12,14.761957518979381,905673.008114327,Capesize,0,0,1.0,7,0.0,7,14.491488135208995,905673.008114327,Capesize,0,0,1.0,7,0.0,7,17.02904429071858,905673.008114327,Panamax,0.7,0,0.37394623123357434,5,0.0,12,13.92020990546993,905673.008114327,Capesize,0.835,0.0,0.0872533545841873,1,0.0,7,13.438140010566686,905673.008114327
2025-12-26,0.9960235882104334,Capesize,15.749728941612696,896421.22938939,Panamax,0,0,1.0,12,0.004017610948066984,12,13.766012587894679,896421.22938939,Capesize,0,0,1.0,7,0.009957540095833564,7,13.551845133949024,896421.22938939,Capesize,0,0,1.0,7,0.009957540095833564,7,16.71192659044848,896421.22938939,Panamax,0.7,0,0.36748485933759056,5,0.004017610948066984,12,14.246534360647688,896421.22938939,Capesize,0.85,0.0,0.23194590062421713,2,0.009957540095833564,7,13.135047227489553,896421.22938939
2026-03-27,1.0974623108555397,Capesize,17.357202563591358,987716.0797699858,Panamax,0,0,1.0,13,0.010153395981187805,13,15.131919065633202,987716.0797699858,Capesize,0,0,1.0,8,0.00873293896949196,8,14.726059546072646,987716.0797699858,Capesize,0,0,1.0,8,0.00873293896949196,8,16.81296719291737,987716.0797699858,Panamax,0.7,0,0.2983813727509809,4,0.010153395981187805,13,14.688830434572015,987716.0797699858,Capesize,0.35,0.0,0.6491906863754905,5,0.00873293896949196,8,13.972045280820007,987716.0797699858
