class,h,n,MAPE_pct,MAPE_rw_pct,skill_vs_rw_pct,coverage80_pct,directional_acc_pct,DM_stat,DM_p
Handysize,1,299,4.018646807083412,4.21353796264634,4.4200011744991325,79.93311036789298,60.200668896321076,2.205043580457634,0.027451036545464103
Handysize,4,296,7.924185928529506,8.544458295253317,7.157303673671478,81.75675675675676,62.5,2.481362555779329,0.013088117440125835
Handysize,8,292,10.359182492623331,11.224074993769314,7.578078488444662,80.13698630136986,59.24657534246576,1.601014803888657,0.10937364031691965
Handysize,12,288,11.958558291206726,12.522857612021662,3.949461545473798,81.59722222222221,61.458333333333336,0.5511464848067206,0.5815332617842432
Handysize,26,274,15.077864692573481,16.065010027934736,5.820770200171099,87.59124087591242,63.503649635036496,0.5513239573708627,0.5814116182958131
Supramax,1,299,4.67981933138804,5.020077829484849,6.5712225915688816,81.27090301003345,64.21404682274247,3.613396382453447,0.00030221215907810794
Supramax,4,296,8.732698412512262,9.735014380139836,9.964676061447664,81.75675675675676,64.1891891891892,3.5442789897812252,0.0003936884161828136
Supramax,8,292,11.702994840263534,12.653199815231918,6.363448890223933,79.7945205479452,58.9041095890411,1.4776381954072453,0.13950464518223882
Supramax,12,288,13.207883151051181,13.941968108914137,3.3194838293512663,82.98611111111111,58.68055555555556,0.47142989490368065,0.6373337717720282
Supramax,26,274,18.076190918541275,18.70087282462668,1.9650419813932896,84.30656934306569,65.69343065693431,0.1856048756002098,0.8527546298303088
Panamax,1,299,5.678790012727151,6.077858283919666,6.382517913488028,81.27090301003345,60.200668896321076,4.0413009790769605,5.31554825764502e-05
Panamax,4,296,10.687539125533561,12.244094749631735,12.614078830694641,80.74324324324324,68.24324324324324,5.140023672600686,2.7470385743910697e-07
Panamax,8,292,13.988144422214937,15.359361396198823,8.948760243796883,81.16438356164383,64.04109589041096,1.941711467102997,0.05217203972259821
Panamax,12,288,15.81512356510942,17.684307670080308,9.955548344927944,80.20833333333334,63.888888888888886,1.5553474048643081,0.11986335300999729
Panamax,26,274,19.785505496475675,23.406030387917763,13.116461299256176,85.76642335766424,66.05839416058394,1.4374124848924728,0.15060082337420178
Capesize,1,299,9.36061791879576,9.834425159657258,4.417087016216403,78.92976588628763,61.87290969899666,3.593468446855943,0.0003263051794066829
Capesize,4,296,17.927122825934035,19.970030010172145,9.178968430062751,79.3918918918919,63.85135135135135,4.116199625202782,3.851707338209387e-05
Capesize,8,292,23.225687156336818,26.22718928936919,9.315416127814514,82.1917808219178,64.38356164383562,2.3145554495420213,0.020637273364443987
Capesize,12,288,24.91806593236749,28.895264670740556,9.904273386704565,84.72222222222221,65.97222222222221,1.6770317329665185,0.0935362767337069
Capesize,26,274,29.59353253345559,34.02243874225025,8.184000254609458,86.4963503649635,64.96350364963503,0.7717435704505282,0.4402663194746945
